,Country,Name,URL
7110,US,Abilene Christian University,http://www.acu.edu/
7111,US,Academy of Art College,http://www.academyart.edu/
7112,US,Adams State College,http://www.adams.edu/
7115,US,Adrian College,http://www.adrian.edu/
7118,US,Alabama Agricultural and Mechanical University,http://www.aamu.edu/
7119,US,Alabama State University,http://www.alasu.edu/
7122,US,Albany College of Pharmacy,http://www.acp.edu/
7123,US,Albany Law School,http://www.albanylaw.edu/
7124,US,Albany Medical Center,http://www.amc.edu/
7125,US,Albany State University,http://www.asurams.edu/
7126,US,Albertus Magnus College,http://www.albertus.edu/
7127,US,Albion College,http://www.albion.edu/
7132,US,Alfred University,http://www.alfred.edu/
7136,US,Alma College,http://www.alma.edu/
7137,US,Alvernia College,http://www.alvernia.edu/
7138,US,Alverno College,http://www.alverno.edu/
7139,US,Ambassador University,http://www.ambassador.edu/
7149,US,American InterContinental University - Ft. Lauderdale,http://www.aiuniv.edu/
7150,US,American InterContinental University - Georgia,http://www.aiuniv.edu/
7155,US,American Public University,http://www.apus.edu/
7158,US,Amherst College,http://www.amherst.edu/
7163,US,Andrew Jackson University,http://www.aju.edu/
7164,US,Andrews University,http://www.andrews.edu/
7165,US,Angelo State University,http://www.angelo.edu/
7173,US,Appalachian State University,http://www.appstate.edu/
7174,US,Aquinas College,http://www.aquinas.edu/
7175,US,Arcadia University,http://www.arcadia.edu/
7179,US,Arizona State University,http://www.asu.edu/
7184,US,Arkansas State University,http://www.astate.edu/
7185,US,"Arkansas State University, Beebe",http://www.asub.edu/
7187,US,"Arkansas State University, Newport",http://www.asun.edu/
7188,US,Arkansas Tech University,http://www.atu.edu/
7190,US,Armstrong Atlantic State University,http://www.armstrong.edu/
7192,US,Art Academy of Cincinnati,http://www.artacademy.edu/
7193,US,Art Center College of Design,http://www.artcenter.edu/
7195,US,Art Institute of Charlotte,http://www.aich.artinstitutes.edu/
7197,US,Asbury College,http://www.asbury.edu/
7198,US,Ashland University,http://www.ashland.edu/
7199,US,Assumption College,http://www.assumption.edu/
7206,US,Atlantic University,http://www.atlanticuniv.edu/
7207,US,Auburn University,http://www.auburn.edu/
7208,US,Auburn University at Montgomery,http://www.aum.edu/
7210,US,Augsburg College,http://www.augsburg.edu/
7211,US,Augustana College,http://www.augustana.edu/
7212,US,Augustana College,http://www.augie.edu/
7214,US,Aurora University,http://www.aurora.edu/
7217,US,Austin Peay State University,http://www.apsu.edu/
7220,US,Avila College,http://www.avila.edu/
7222,US,Babson College,http://www.babson.edu/
7233,US,Baltimore Hebrew University,http://www.bhu.edu/
7239,US,Barber-Scotia College,http://www.b-sc.edu/
7240,US,Barclay College,http://www.barclaycollege.edu/
7241,US,Bard College,http://www.bard.edu/
7243,US,Barnard College - Columbia University,http://www.barnard.edu/
7244,US,Barry University,http://www.barry.edu/
7246,US,Barton College,http://www.barton.edu/
7247,US,Bastyr University,http://www.bastyr.edu/
7248,US,Bates College,http://www.bates.edu/
7251,US,Baylor College of Medicine,http://www.bcm.tmc.edu/
7253,US,Belhaven College,http://www.belhaven.edu/
7254,US,Bellarmine College,http://www.bellarmine.edu/
7255,US,Bellevue University,http://www.bellevue.edu/
7259,US,Beloit College,http://www.beloit.edu/
7261,US,Benedict College,http://www.benedict.edu/
7266,US,Bennington College,http://www.bennington.edu/
7267,US,Bentley College,http://www.bentley.edu/
7270,US,Berklee College of Music,http://www.berklee.edu/
7272,US,Berry College,http://www.berry.edu/
7273,US,Bethany College California,http://www.bethany.edu/
7278,US,Bethel College Newton,http://www.bethelks.edu/
7282,US,Biola University,http://www.biola.edu/
7283,US,Birmingham-Southern College,http://www.bsc.edu/
7285,US,Black Hawk College,http://www.bhc.edu/
7286,US,Black Hills State University,http://www.bhsu.edu/
7288,US,Bloomfield College,http://www.bloomfield.edu/
7289,US,Bloomsburg University of Pennsylvania,http://www.bloomu.edu/
7293,US,Bluffton College,http://www.bluffton.edu/
7294,US,Bob Jones University,http://www.bju.edu/
7296,US,Boise State University,http://www.boisestate.edu/
7297,US,Boricua College,http://www.boricuacollege.edu/
7298,US,Boston Architectural Center,http://www.the-bac.edu/
7299,US,Boston College,http://www.bc.edu/
7300,US,Boston University,http://www.bu.edu/
7301,US,Bowdoin College,http://www.bowdoin.edu/
7303,US,Bowling Green State University,http://www.bgsu.edu/
7304,US,"Bowling Green State University, Firelands",http://www.firelands.bgsu.edu/
7305,US,Bradley University,http://www.bradley.edu/
7309,US,Brescia University,http://www.brescia.edu/
7310,US,Brevard College,http://www.brevard.edu/
7311,US,Brewton-Parker College,http://www.bpc.edu/
7315,US,Bridgewater State College,http://www.bridgew.edu/
7316,US,Brigham Young University,http://www.byui.edu/
7317,US,Brigham Young University,http://www.byu.edu/
7318,US,Brigham Young University Hawaii,http://www.byuh.edu/
7319,US,Brooklyn Law School,http://www.brooklaw.edu/
7321,US,Brown University,http://www.brown.edu/
7323,US,Bryan College,http://www.bryan.edu/
7324,US,Bryant and Stratton College,http://www.bryantstratton.edu/
7325,US,Bryant University,http://www.bryant.edu/
7327,US,Bryn Mawr College,http://www.brynmawr.edu/
7328,US,Bucknell University,http://www.bucknell.edu/
7329,US,Buena Vista University,http://www.bvu.edu/
7331,US,Butler University,http://www.butler.edu/
7332,US,Cabrini College,http://www.cabrini.edu/
7333,US,Caldwell College,http://www.caldwell.edu/
7334,US,California Baptist College,http://www.calbaptist.edu/
7339,US,California College San Diego,http://www.cc-sd.edu/
7340,US,California Institute of Integral Studies,http://www.ciis.edu/
7343,US,California Lutheran University,http://www.callutheran.edu/
7344,US,California Maritime Academy,http://www.csum.edu/
7345,US,California Polytechnic State University - San Luis Obispo,http://www.calpoly.edu/
7346,US,California School of Professional Psychology - Berkley/Alameda,http://www.cspp.edu/
7352,US,"California State University, Channel Islands",http://www.csuci.edu/
7353,US,"California State University, Chico",http://www.csuchico.edu/
7355,US,"California State University, Fresno",http://www.csufresno.edu/
7356,US,"California State University, Fullerton",http://www.fullerton.edu/
7358,US,"California State University, Long Beach",http://www.csulb.edu/
7362,US,"California State University, Sacramento",http://www.csus.edu/
7363,US,"California State University, San Bernadino",http://www.csusb.edu/
7364,US,"California State University, San Marcos",http://www.csusm.edu/
7365,US,"California State University, Stanislaus",http://www.csustan.edu/
7368,US,California Western School of Law,http://www.cwsl.edu/
7371,US,Calvin College,http://www.calvin.edu/
7372,US,Cambridge College,http://www.cambridge.edu/
7373,US,Cameron University,http://www.cameron.edu/
7376,US,Canisius College,http://www.canisius.edu/
7377,US,Capella University,http://www.capella.edu/
7380,US,Capitol College,http://www.capitol-college.edu/
7382,US,Carleton College,http://www.carleton.edu/
7384,US,Carlow College,http://www.carlow.edu/
7386,US,Carroll College Helena,http://www.carroll.edu/
7389,US,Carthage College,http://www.carthage.edu/
7390,US,Case Western Reserve University,http://www.cwru.edu/
7392,US,Catawba College,http://www.catawba.edu/
7394,US,Cedar Crest College,http://www.cedarcrest.edu/
7395,US,Cedarville College,http://www.cedarville.edu/
7397,US,Centenary College of Louisiana,http://www.centenary.edu/
7399,US,Central Baptist College,http://www.cbc.edu/
7401,US,Central Christian College of the Bible,http://www.cccb.edu/
7403,US,Central Connecticut State University,http://www.ccsu.edu/
7404,US,Central Methodist College,http://www.cmc.edu/
7405,US,Central Michigan University,http://www.cmich.edu/
7407,US,Central Washington University,http://www.cwu.edu/
7408,US,Centre College,http://www.centre.edu/
7409,US,Chadron State College,http://www.csc.edu/
7410,US,Chaminade University of Honolulu,http://www.chaminade.edu/
7411,US,Champlain College,http://www.champlain.edu/
7412,US,Chapman University,http://www.chapman.edu/
7413,US,Charles R. Drew University of Medicine and Science,http://www.cdrewu.edu/
7414,US,Charleston Southern University,http://www.csuniv.edu/
7416,US,Chatham College,http://www.chatham.edu/
7417,US,Chestnut Hill College,http://www.chc.edu/
7419,US,Chicago State University,http://www.csu.edu/
7420,US,Chowan College,http://www.chowan.edu/
7422,US,Christian Brothers University,http://www.cbu.edu/
7424,US,Christopher Newport University,http://www.cnu.edu/
7426,US,City University,http://www.cityu.edu/
7428,US,"City University of New York, Brooklyn College",http://www.brooklyn.cuny.edu/
7429,US,"City University of New York, City College",http://www.ccny.cuny.edu/
7430,US,"City University of New York, College of Staten Island",http://www.csi.cuny.edu/
7431,US,City University of New York (CUNY) System,http://www.cuny.edu/
7432,US,"City University of New York, Graduate School and University Center",http://www.gc.cuny.edu/
7433,US,"City University of New York, Hunter College",http://www.hunter.cuny.edu/
7434,US,"City University of New York, John Jay College of Criminal Justice",http://www.jjay.cuny.edu/
7435,US,"City University of New York, Lehman College",http://www.lehman.cuny.edu/
7437,US,City University of New York Medical School / Sophie Davis School of Biomedical Education,http://med.cuny.edu/
7439,US,"City University of New York, Queens College",http://www.qc.edu/
7440,US,"City University of New York, School of Law at Queens College",http://www.law.cuny.edu/
7446,US,Clarion University,http://www.clarion.edu/
7447,US,Clark Atlanta University,http://www.cau.edu/
7449,US,Clarkson College,http://www.clarksoncollege.edu/
7450,US,Clarkson University,http://www.clarkson.edu/
7451,US,Clark University,http://www.clarku.edu/
7452,US,Clayton College & State University,http://www.clayton.edu/
7453,US,Clearwater Christian College,http://www.clearwater.edu/
7454,US,Cleary College,http://www.cleary.edu/
7455,US,Clemson University,http://www.clemson.edu/
7458,US,Cleveland Institute of Art,http://www.cia.edu/
7459,US,Cleveland Institute of Music,http://www.cim.edu/
7460,US,Cleveland State University,http://www.csuohio.edu/
7461,US,Coastal Carolina University,http://www.coastal.edu/
7463,US,Cogswell Polytechnical College,http://www.cogswell.edu/
7464,US,Coker College,http://www.coker.edu/
7465,US,Colby College,http://www.colby.edu/
7469,US,"CollegeAmerica, Denver",http://www.collegeamerica.edu/
7470,US,"CollegeAmerica, Phoenix",http://www.collegeamerica.edu/
7476,US,College of Charleston,http://www.cofc.edu/
7477,US,College of DuPage,http://www.cod.edu/
7478,US,College of Idaho,http://www.collegeofidaho.edu/
7479,US,College of Mount St. Joseph,http://www.msj.edu/
7480,US,College of Mount St. Vincent,http://www.cmsv.edu/
7483,US,College of Notre Dame of Maryland,http://www.ndm.edu/
7486,US,College of St. Catherine,http://www.stkate.edu/
7489,US,College of St. Mary,http://www.csm.edu/
7490,US,College of St. Rose,http://www.strose.edu/
7491,US,College of St. Scholastica,http://www.css.edu/
7492,US,College of the Atlantic,http://www.coa.edu/
7493,US,College of the Holy Cross,http://www.holycross.edu/
7494,US,College of the Ozarks,http://www.cofo.edu/
7496,US,College of William and Mary,http://www.wm.edu/
7497,US,Colorado Christian University,http://www.ccu.edu/
7500,US,Colorado State University,http://www.colostate.edu/
7503,US,Columbia College Chicago,http://www.colum.edu/
7505,US,Columbia College of Missouri,http://www.ccis.edu/
7509,US,Columbia Southern University,http://www.columbiasouthern.edu/
7512,US,Columbus College of Art and Design,http://www.ccad.edu/
7516,US,Concord College,http://www.concord.edu/
7518,US,"Concordia College, Bronxville",http://www.concordia-ny.edu/
7519,US,"Concordia College, Moorhead",http://www.cord.edu/
7521,US,"Concordia College, Seward",http://www.cune.edu/
7523,US,"Concordia University, Austin",http://www.concordia.edu/
7525,US,"Concordia University, Mequon",http://www.cuw.edu/
7528,US,Connecticut College,http://www.conncoll.edu/
7530,US,Conway School of Landscape Design,http://www.csld.edu/
7531,US,Coppin State College,http://www.coppin.edu/
7534,US,Cornish College of the Arts,http://www.cornish.edu/
7536,US,Covenant College,http://www.covenant.edu/
7537,US,Cranbrook Academy of Art,http://www.cranbrookart.edu/
7538,US,Creighton University,http://www.creighton.edu/
7541,US,Culver-Stockton College,http://www.culver.edu/
7543,US,Cumberland University,http://www.cumberland.edu/
7545,US,Daemen College,http://www.daemen.edu/
7546,US,Dakota State University,http://www.dsu.edu/
7548,US,Dallas Baptist University,http://www.dbu.edu/
7549,US,Dallas Christian College,http://www.dallas.edu/
7554,US,Darton College,http://www.darton.edu/
7558,US,Davidson College,http://www.davidson.edu/
7565,US,Denison University,http://www.denison.edu/
7568,US,DePaul University,http://www.depaul.edu/
7569,US,DePauw University,http://www.depauw.edu/
7570,US,DeSales University,http://www.desales.edu/
7584,US,Dickinson College,http://www.dickinson.edu/
7586,US,Dillard University,http://www.dillard.edu/
7588,US,Dixie College,http://www.dixie.edu/
7589,US,Doane College,http://www.doane.edu/
7591,US,Dominican College of San Rafael,http://www.dominican.edu/
7592,US,Dominican School of Philosophy and Theology,http://www.dspt.edu/
7593,US,Dominican University,http://www.dom.edu/
7597,US,Drake University,http://www.drake.edu/
7598,US,Drew University,http://www.drew.edu/
7599,US,Drexel University,http://www.drexel.edu/
7601,US,Duke University,http://www.duke.edu/
7603,US,Duquesne University,http://www.duq.edu/
7604,US,D'Youville College,http://www.dyc.edu/
7607,US,East Carolina University,http://www.ecu.edu/
7608,US,East Central University,http://www.ecok.edu/
7609,US,Eastern College,http://www.eastern.edu/
7612,US,Eastern Illinois University,http://www.eiu.edu/
7614,US,Eastern Mennonite University,http://www.emu.edu/
7615,US,Eastern Michigan University,http://www.emich.edu/
7617,US,Eastern New Mexico University,http://www.enmu.edu/
7619,US,Eastern Virginia Medical School,http://www.evms.edu/
7620,US,Eastern Washington University,http://www.ewu.edu/
7621,US,East Stroudsburg State University,http://www.esu.edu/
7622,US,East Tennessee State University,http://www.etsu.edu/
7623,US,East Texas Baptist University,http://www.etbu.edu/
7624,US,East-West University,http://www.eastwest.edu/
7626,US,Edgewood College,http://www.edgewood.edu/
7627,US,Edinboro University of Pennsylvania,http://www.edinboro.edu/
7630,US,Elizabeth City State University,http://www.ecsu.edu/
7631,US,Elizabethtown College,http://www.etown.edu/
7632,US,Elmhurst College,http://www.elmhurst.edu/
7633,US,Elmira College,http://www.elmira.edu/
7635,US,Elon College,http://www.elon.edu/
7636,US,Embry-Riddle Aeronautical University,http://www.embryriddle.edu/
7637,US,"Embry Riddle Aeronautical University, Prescott",http://www.prescott.erau.edu/
7638,US,Emerson College,http://www.emerson.edu/
7639,US,Emmanuel College,http://www.emmanuel.edu/
7641,US,Emmaus Bible College,http://www.emmaus.edu/
7642,US,Emory & Henry College,http://www.ehc.edu/
7643,US,Emory University,http://www.emory.edu/
7644,US,Emporia State University,http://www.emporia.edu/
7649,US,Evergreen State College,http://www.evergreen.edu/
7651,US,Excelsior College,http://www.regents.edu/
7652,US,Fairfield University,http://www.fairfield.edu/
7657,US,Faulkner University,http://www.faulkner.edu/
7658,US,Fayetteville State University,http://www.uncfsu.edu/
7659,US,Felician College,http://www.felician.edu/
7661,US,Ferrum College,http://www.ferrum.edu/
7668,US,Flagler College,http://www.flagler.edu/
7669,US,Florida Agricultural and Mechanical University,http://www.famu.edu/
7670,US,Florida Atlantic University,http://www.fau.edu/
7673,US,Florida Gulf Coast University,http://www.fgcu.edu/
7674,US,Florida Institute of Technology,http://www.fit.edu/
7675,US,Florida International University,http://www.fiu.edu/
7676,US,Florida Memorial College,http://www.fmc.edu/
7681,US,Florida Southern College,http://www.flsouthern.edu/
7682,US,Florida State University,http://www.fsu.edu/
7685,US,Foothill-De Anza Community College District,http://www.fhda.edu/
7686,US,Fordham University,http://www.fordham.edu/
7688,US,Fort Hays State University,http://www.fhsu.edu/
7689,US,Fort Lewis College,http://www.fortlewis.edu/
7694,US,Francis Marion University,http://www.fmarion.edu/
7695,US,Franklin and Marshall College,http://www.fandm.edu/
7699,US,Franklin University,http://www.franklin.edu/
7700,US,Franklin W. Olin College of Engineering,http://www.olin.edu/
7703,US,Freed-Hardeman University,http://www.fhu.edu/
7704,US,Free University (Virginia Theological University),http://www.vtu.edu/
7706,US,Fresno City College,http://www.fresnocitycollege.edu/
7707,US,Fresno Pacific University,http://www.fresno.edu/
7712,US,Gallaudet University,http://www.gallaudet.edu/
7715,US,Gemological Institute of America,http://www.gia.edu/
7716,US,Geneva College,http://www.geneva.edu/
7717,US,George Fox University,http://www.georgefox.edu/
7718,US,George Mason University,http://www.gmu.edu/
7719,US,Georgetown College,http://www.georgetowncollege.edu/
7720,US,Georgetown University,http://www.georgetown.edu/
7726,US,Georgia Institute of Technology,http://www.gatech.edu/
7731,US,Georgia State University,http://www.gsu.edu/
7732,US,Gettysburg College,http://www.gettysburg.edu/
7733,US,Glendale University College of Law,http://www.glendalelaw.edu/
7736,US,God's Bible School and College,http://www.gbs.edu/
7737,US,Golden Gate University,http://www.ggu.edu/
7739,US,Gonzaga University,http://www.gonzaga.edu/
7741,US,Gordon Conwell Theological Seminary,http://www.gcts.edu/
7742,US,Goshen College,http://www.goshen.edu/
7743,US,Goucher College,http://www.goucher.edu/
7744,US,Governors State University,http://www.govst.edu/
7749,US,Graduate Theological Union,http://www.gtu.edu/
7751,US,Grand Canyon University,http://www.gcu.edu/
7754,US,Grantham University,http://www.grantham.edu/
7756,US,Great Lakes Christian College,http://www.glcc.edu/
7759,US,Greenville College,http://www.greenville.edu/
7760,US,Grinnell College,http://www.grinnell.edu/
7761,US,Grove City College,http://www.gcc.edu/
7762,US,Guilford College,http://www.guilford.edu/
7763,US,Gustavus Adolphus College,http://www.gac.edu/
7766,US,Hamilton College,http://www.hamilton.edu/
7768,US,Hamline University,http://www.hamline.edu/
7769,US,Hampden-Sydney College,http://www.hsc.edu/
7770,US,Hampshire College,http://www.hampshire.edu/
7773,US,Hannibal-Lagrange College,http://www.hlg.edu/
7775,US,Harding University,http://www.harding.edu/
7779,US,Harris-Stowe State University,http://www.hssu.edu/
7783,US,Harvard University,http://www.harvard.edu/
7784,US,Harvey Mudd College,http://www.hmc.edu/
7785,US,Hastings College,http://www.hastings.edu/
7786,US,Haverford College,http://www.haverford.edu/
7787,US,Hawaii Pacific University,http://www.hpu.edu/
7789,US,Hebrew College,http://www.hebrewcollege.edu/
7790,US,Heidelberg College,http://www.heidelberg.edu/
7791,US,Henderson State Univerisity,http://www.hsu.edu/
7793,US,Heritage College,http://www.heritage.edu/
7796,US,Hilbert College,http://www.hilbert.edu/
7798,US,Hiram College,http://www.hiram.edu/
7799,US,Hobart and William Smith Colleges,http://www.hws.edu/
7801,US,Hodges University,http://www.hodges.edu/
7803,US,Hollins University,http://www.hollins.edu/
7808,US,Hood College,http://www.hood.edu/
7810,US,Hope International University,http://www.hiu.edu/
7812,US,Houston Baptist University,http://www.hbu.edu/
7814,US,Howard University,http://www.howard.edu/
7815,US,Humboldt State University,http://www.humboldt.edu/
7819,US,Husson College,http://www.husson.edu/
7820,US,Huston-Tillotson College,http://www.htc.edu/
7823,US,Idaho State University,http://www.isu.edu/
7826,US,Illinois College,http://www.ic.edu/
7827,US,Illinois College of Optometry,http://www.ico.edu/
7828,US,Illinois Institute of Technology,http://www.iit.edu/
7831,US,Illinois State University,http://www.ilstu.edu/
7832,US,Illinois Valley Community College,http://www.ivcc.edu/
7833,US,Illinois Wesleyan University,http://www.iwu.edu/
7837,US,Indiana State University,http://www.indstate.edu/
7838,US,Indiana University at Bloomington,http://www.iub.edu/
7839,US,Indiana University at Kokomo,http://www.iuk.edu/
7840,US,Indiana University at South Bend,http://www.iusb.edu/
7843,US,Indiana University of Pennsylvania,http://www.iup.edu/
7846,US,Indiana University-Purdue University at Indianapolis,http://www.iupui.edu/
7848,US,Indiana University (System),http://www.indiana.edu/
7849,US,Indiana Wesleyan University,http://www.indwes.edu/
7859,US,Iona College,http://www.iona.edu/
7860,US,Iowa State University of Science and Technology,http://www.iastate.edu/
7862,US,Ithaca College,http://www.ithaca.edu/
7868,US,Jackson State University,http://www.jsums.edu/
7869,US,Jacksonville State University,http://www.jsu.edu/
7870,US,Jacksonville University,http://www.ju.edu/
7871,US,James Madison University,http://www.jmu.edu/
7874,US,John Brown University,http://www.jbu.edu/
7875,US,John Carroll University,http://www.jcu.edu/
7876,US,John F. Kennedy University,http://www.jfku.edu/
7881,US,Johnson County Community College,http://www.jccc.edu/
7882,US,Johnson C. Smith University,http://www.jcsu.edu/
7884,US,Johnson & Wales University,http://www.jwu.edu/
7890,US,Judson College Marion,http://home.judson.edu/
7892,US,Kalamazoo College,http://www.kzoo.edu/
7894,US,Kansas City Art Institute,http://www.kcai.edu/
7895,US,Kansas State University,http://www.ksu.edu/
7896,US,Kansas Wesleyan University,http://www.kwu.edu/
7899,US,Kean University of New Jersey,http://www.kean.edu/
7900,US,Keck Graduate Institute of Applied Life Sciences,http://www.kgi.edu/
7901,US,Keene State College,http://www.keene.edu/
7905,US,Kennesaw State University,http://www.kennesaw.edu/
7906,US,Kent State University,http://www.kent.edu/
7910,US,Kent State University - Stark,http://www.stark.kent.edu/
7913,US,Kentucky Christian College,http://www.kcc.edu/
7914,US,Kentucky State University,http://www.kysu.edu/
7916,US,Kenyon College,http://www.kenyon.edu/
7917,US,Kettering University (GMI),http://www.kettering.edu/
7918,US,Keuka College,http://www.keuka.edu/
7920,US,King's College,http://www.kings.edu/
7922,US,Kirkwood Community College,http://www.kirkwood.edu/
7923,US,Knox College,http://www.knox.edu/
7924,US,Knoxville College,http://www.knoxvillecollege.edu/
7925,US,Kutztown University of Pennsylvania,http://www.kutztown.edu/
7926,US,Laboratory Institute of Merchandising,http://www.limcollege.edu/
7932,US,Lakeland College,http://www.lakeland.edu/
7934,US,Lakeview College of Nursing,http://www.lakeviewcol.edu/
7935,US,Lamar University,http://www.lamar.edu/
7939,US,Lander University,http://www.lander.edu/
7940,US,Lane College,http://www.lanecollege.edu/
7942,US,La Roche College,http://www.laroche.edu/
7943,US,La Salle University,http://www.lasalle.edu/
7944,US,Lasell College,http://www.lasell.edu/
7945,US,La Sierra University,http://www.lasierra.edu/
7947,US,Lawrence Technological University,http://www.ltu.edu/
7948,US,Lawrence University,http://www.lawrence.edu/
7949,US,Lebanon Valley College,http://www.lvc.edu/
7950,US,Lees-McRae College,http://www.lmc.edu/
7952,US,Lehigh Univervsity,http://www.lehigh.edu/
7956,US,Lesley University,http://www.lesley.edu/
7957,US,Letourneau University,http://www.letu.edu/
7958,US,Lewis and Clark College,http://www.lclark.edu/
7960,US,Lewis-Clark State College,http://www.lcsc.edu/
7961,US,Lewis University,http://www.lewisu.edu/
7965,US,Limestone College,http://www.limestone.edu/
7967,US,Lincoln University Missouri,http://www.lincolnu.edu/
7968,US,Lincoln University Pennsylvania,http://www.lincoln.edu/
7970,US,Lindenwood University,http://www.lindenwood.edu/
7971,US,Lindsey Wilson College,http://www.lindsey.edu/
7972,US,Linfield College,http://www.linfield.edu/
7973,US,Lipscomb University,http://www.lipscomb.edu/
7974,US,Livingstone College,http://www.livingstone.edu/
7975,US,Lock Haven University of Pennsylvania,http://www.lhup.edu/
7977,US,Loma Linda University,http://www.llu.edu/
7982,US,Loras College,http://www.loras.edu/
7983,US,Los Angeles College of Chiropractic,http://www.lacc.edu/
7984,US,Louisiana Baptist University,http://www.lbu.edu/
7985,US,Louisiana College,http://www.lacollege.edu/
7986,US,Louisiana State University and Agricultural and Mechanical College,http://www.lsu.edu/
7987,US,Louisiana State University at Alexandria,http://www.lsua.edu/
7988,US,Louisiana State University at Eunice,http://www.lsue.edu/
7989,US,Louisiana State University Health Sciences Center New Orleans,http://www.lsuhsc.edu/
7990,US,Louisiana State University in Shreveport,http://www.lsus.edu/
7991,US,Louisiana Tech University,http://www.latech.edu/
7992,US,Lourdes College,http://www.lourdes.edu/
7993,US,Loyola College in Maryland,http://www.loyola.edu/
7994,US,Loyola Marymount University,http://www.lmu.edu/
7995,US,Loyola University New Orleans,http://www.loyno.edu/
7996,US,Loyola University of Chicago,http://www.luc.edu/
7997,US,Lubbock Christian University,http://www.lcu.edu/
7999,US,Luther College,http://www.luther.edu/
8000,US,Lycoming College,http://www.lycoming.edu/
8001,US,Lynchburg College,http://www.lynchburg.edu/
8002,US,Lyndon State College,http://www.lsc.vsc.edu/
8004,US,Lyon College,http://www.lyon.edu/
8010,US,Maharishi University of Management,http://www.mum.edu/
8011,US,Maine College of Art,http://www.meca.edu/
8013,US,Malone College,http://www.malone.edu/
8014,US,Manchester College,http://www.manchester.edu/
8018,US,Manhattanville College,http://www.mville.edu/
8022,US,Marian College,http://www.marian.edu/
8024,US,Marietta College,http://www.marietta.edu/
8025,US,Marist College,http://www.marist.edu/
8026,US,Marlboro College,http://www.marlboro.edu/
8027,US,Marquette University,http://www.mu.edu/
8028,US,Marshall University,http://www.marshall.edu/
8030,US,Martin Luther College,http://www.mlc-wels.edu/
8032,US,Martin University,http://www.martin.edu/
8035,US,Marygrove College,http://www.marygrove.edu/
8040,US,Maryville College,http://www.maryvillecollege.edu/
8044,US,Massachusetts College of Art,http://www.massart.edu/
8045,US,Massachusetts College of Liberal Arts,http://www.mcla.mass.edu/
8046,US,Massachusetts College of Pharmacy and Allied Health Sciences,http://www.mcp.edu/
8047,US,Massachusetts Institute of Technology,http://www.mit.edu/
8053,US,McKendree College,http://www.mckendree.edu/
8054,US,McMurry University,http://www.mcm.edu/
8055,US,McNeese State University,http://www.mcneese.edu/
8057,US,Medaille College,http://www.medaille.edu/
8063,US,Medical University of South Carolina,http://www.musc.edu/
8067,US,Mennonite College of Nursing,http://www.mcn.ilstu.edu/
8068,US,Mercer University,http://www.mercer.edu/
8071,US,Mercyhurst College,http://www.mercyhurst.edu/
8072,US,Meredith College,http://www.meredith.edu/
8073,US,Merrimack College,http://www.merrimack.edu/
8075,US,Messiah College,http://www.messiah.edu/
8079,US,MGH Institute of Health Professions,http://www.mghihp.edu/
8080,US,Miami Dade College,http://www.mdc.edu/
8081,US,Miami University of Ohio,http://www.muohio.edu/
8082,US,Miami University of Ohio - Hamilton,http://www.ham.muohio.edu/
8083,US,Miami University of Ohio - Middletown,http://www.mid.muohio.edu/
8086,US,Michigan Technological University,http://www.mtu.edu/
8090,US,Middlebury College,http://www.middlebury.edu/
8091,US,Middle Tennessee State University,http://www.mtsu.edu/
8093,US,Midway College,http://www.midway.edu/
8095,US,Midwestern University,http://www.midwestern.edu/
8102,US,Mills College,http://www.mills.edu/
8105,US,Milwaukee School of Engineering,http://www.msoe.edu/
8106,US,Minneapolis College of Art and Design,http://www.mcad.edu/
8109,US,Minot State University,http://www.misu.nodak.edu/
8110,US,Mississippi College,http://www.mc.edu/
8111,US,Mississippi State University,http://www.msstate.edu/
8112,US,Mississippi University for Women,http://www.muw.edu/
8113,US,Mississippi Valley State University,http://www.mvsu.edu/
8117,US,Missouri University of Science and Technology,http://www.mst.edu/
8120,US,Molloy College,http://www.molloy.edu/
8121,US,Monmouth University,http://www.monmouth.edu/
8122,US,Montana State University,http://www.montana.edu/
8123,US,Montana State University - Billings,http://www.msubillings.edu/
8124,US,Montana State University - Northern,http://www.msun.edu/
8125,US,Montana Tech,http://www.mtech.edu/
8126,US,Montclair State University,http://www.montclair.edu/
8127,US,Monterey Institute of International Studies,http://www.miis.edu/
8128,US,Montreat College,http://www.montreat.edu/
8129,US,Montserrat College of Art,http://www.montserrat.edu/
8131,US,Moore College of Art and Design,http://www.moore.edu/
8134,US,Moravian College,http://www.moravian.edu/
8137,US,Morehouse School of Medicine,http://www.msm.edu/
8138,US,Morgan State University,http://www.morgan.edu/
8139,US,Morningside College,http://www.morningside.edu/
8144,US,Mount Aloysius College,http://www.mtaloy.edu/
8146,US,Mount Holyoke College,http://www.mtholyoke.edu/
8149,US,Mount Mary College,http://www.mtmary.edu/
8150,US,Mount Mercy College,http://www.mtmercy.edu/
8153,US,Mount Sinai School of Medicine,http://www.mssm.edu/
8157,US,Mount St. Mary's College Maryland,http://www.msmary.edu/
8158,US,Mount Union College,http://www.mountunion.edu/
8162,US,Multnomah Bible College,http://www.multnomah.edu/
8164,US,Muskingum College,http://www.muskingum.edu/
8166,US,National American University,http://www.national.edu/
8176,US,National Hispanic University,http://www.nhu.edu/
8177,US,National-Louis University,http://www.nl.edu/
8182,US,Nazarene Bible College,http://www.nbc.edu/
8183,US,Nazareth College,http://www.naz.edu/
8184,US,Nebraska Christian College,http://www.nechristian.edu/
8186,US,Nebraska Wesleyan University,http://www.nebrwesleyan.edu/
8187,US,Neumann College,http://www.neumann.edu/
8188,US,Newberry College,http://www.newberry.edu/
8189,US,New College of California,http://www.newcollege.edu/
8196,US,New England School of Communications,http://www.nescom.edu/
8200,US,New Jersey Institute of Technology,http://www.njit.edu/
8204,US,New Mexico State University,http://www.nmsu.edu/
8206,US,"New York Academy of Art, Graduate School of Figurative Art",http://www.nyaa.edu/
8208,US,New York College of Podiatric Medicine,http://www.nycpm.edu/
8210,US,New York Institute of Technology,http://www.nyit.edu/
8212,US,New York Medical College,http://www.nymc.edu/
8213,US,New York School of Interior Design,http://www.nysid.edu/
8214,US,New York University,http://www.nyu.edu/
8215,US,Niagara University,http://www.niagara.edu/
8217,US,Nichols College,http://www.nichols.edu/
8219,US,North Carolina Agricultural and Technical State University,http://www.ncat.edu/
8220,US,North Carolina Central University,http://www.nccu.edu/
8223,US,North Carolina Wesleyan College,http://www.ncwc.edu/
8224,US,North Central Bible College,http://www.ncbc.edu/
8225,US,North Central College,http://www.noctrl.edu/
8228,US,Northeastern Illinois University,http://www.neiu.edu/
8230,US,Northeastern State University,http://www.nsuok.edu/
8231,US,Northeastern University,http://www.neu.edu/
8232,US,Northern Arizona University,http://www.nau.edu/
8233,US,Northern Illinois University,http://www.niu.edu/
8234,US,Northern Kentucky University,http://www.nku.edu/
8235,US,Northern Michigan University,http://www.nmu.edu/
8236,US,Northern State University,http://www.northern.edu/
8242,US,North Park University,http://www.northpark.edu/
8245,US,Northwestern College Iowa,http://www.nwciowa.edu/
8247,US,Northwestern College St. Paul,http://www.nwc.edu/
8249,US,Northwestern State University of Louisiana,http://www.nsula.edu/
8251,US,Northwest Missouri State University,http://www.nwmissouri.edu/
8252,US,Northwest Nazarene University,http://www.nnu.edu/
8254,US,Northwood University,http://www.northwood.edu/
8257,US,Norwich University,http://www.norwich.edu/
8260,US,Notre Dame de Namur University,http://www.ndnu.edu/
8261,US,Nova Southeastern University,http://www.nova.edu/
8264,US,Oakland University,http://www.oakland.edu/
8265,US,Oakton Community College,http://www.oakton.edu/
8266,US,Oakwood College,http://www.oakwood.edu/
8267,US,Oberlin College,http://www.oberlin.edu/
8268,US,Occidental College,http://www.oxy.edu/
8269,US,Oglala Lakota College,http://www.olc.edu/
8273,US,Ohio Northern University,http://www.onu.edu/
8287,US,Oklahoma Baptist University,http://www.okbu.edu/
8288,US,Oklahoma Christian University,http://www.oc.edu/
8289,US,Oklahoma City University,http://www.okcu.edu/
8290,US,Oklahoma Panhandle State University,http://www.opsu.edu/
8292,US,Oklahoma State University Center for Health Sciences,http://osu.com.okstate.edu/
8293,US,Oklahoma State University - Institute of Technology,http://www.osuit.edu/
8294,US,Oklahoma State University - Oklahoma City,http://www.osuokc.edu/
8296,US,Old Dominion University,http://www.odu.edu/
8299,US,Olivet Nazarene University,http://www.olivet.edu/
8301,US,Oral Roberts University,http://www.oru.edu/
8304,US,Oregon Health Sciences University,http://www.ohsu.edu/
8305,US,Oregon Institute of Technology,http://www.oit.edu/
8306,US,Oregon State University,http://www.orst.edu/
8310,US,Ouachita Baptist University,http://www.obu.edu/
8312,US,Our Lady of the Lake University,http://www.ollusa.edu/
8314,US,Pace University,http://www.pace.edu/
8319,US,Pacific Lutheran University,http://www.plu.edu/
8321,US,Pacific Oaks College,http://www.pacificoaks.edu/
8323,US,Pacific University,http://www.pacificu.edu/
8325,US,Paine College,http://www.paine.edu/
8326,US,Palm Beach Atlantic University,http://www.pba.edu/
8327,US,Palm Beach State College,http://www.palmbeachstate.edu/
8328,US,Palmer College of Chiropractic,http://www.palmer.edu/
8337,US,Pennsylvania Institute of Technology,http://www.pit.edu/
8338,US,Pennsylvania State University,http://www.psu.edu/
8350,US,Peru State College,http://www.peru.edu/
8351,US,Pfeiffer University,http://www.pfeiffer.edu/
8353,US,Philadelphia College of Osteopathic Medicine,http://www.pcom.edu/
8357,US,Phillips University,http://www.phillips.edu/
8359,US,Piedmont College,http://www.piedmont.edu/
8362,US,Pittsburg State University,http://www.pittstate.edu/
8364,US,Plymouth State College,http://www.plymouth.edu/
8367,US,Polytechnic University,http://www.poly.edu/
8370,US,Pomona College,http://www.pomona.edu/
8371,US,Portland Community College,http://www.pcc.edu/
8372,US,Portland State University,http://www.pdx.edu/
8373,US,Post University of Waterbury,http://www.post.edu/
8375,US,Pratt Institute,http://www.pratt.edu/
8376,US,Presbyterian College,http://www.presby.edu/
8383,US,Purdue University,http://www.purdue.edu/
8386,US,Quantum-Veritas International University,http://www.qvius.edu/
8387,US,Queens College,http://www.queens.edu/
8389,US,Quinnipiac College,http://www.quinnipiac.edu/
8391,US,Ramapo College of New Jersey,http://www.ramapo.edu/
8395,US,Rasmussen College,http://www.rasmussen.edu/
8401,US,Reed College,http://www.reed.edu/
8406,US,Regis University,http://www.regis.edu/
8408,US,Rensselaer Polytechnic Institute,http://www.rpi.edu/
8410,US,Rhode Island College,http://www.ric.edu/
8411,US,Rhode Island School of Design,http://www.risd.edu/
8412,US,Rhodes College,http://www.rhodes.edu/
8413,US,Rice University,http://www.rice.edu/
8414,US,Richard Stockton College of New Jersey,http://www.stockton.edu/
8416,US,Ringling College of Art and Design,http://www.ringling.edu/
8417,US,Ripon College,http://www.ripon.edu/
8420,US,Roanoke College,http://www.roanoke.edu/
8421,US,Robert Morris College,http://www.robert-morris.edu/
8425,US,Rochester Institute of Technology,http://www.rit.edu/
8426,US,Rockford College,http://www.rockford.edu/
8427,US,Rockhurst College,http://www.rockhurst.edu/
8429,US,Rocky Mountain College,http://www.rocky.edu/
8432,US,Roger Williams University,http://www.rwu.edu/
8433,US,Rollins College,http://www.rollins.edu/
8435,US,Rose-Hulman Institute of Technology,http://www.rose-hulman.edu/
8436,US,Rosemont College,http://www.rosemont.edu/
8438,US,Rowan University,http://www.rowan.edu/
8439,US,Rush University,http://www.rushu.rush.edu/
8441,US,Rust College,http://www.rustcollege.edu/
8442,US,"Rutgers, The State University of New Jersey",http://www.rutgers.edu/
8445,US,Sacred Heart University,http://www.sacredheart.edu/
8447,US,Saginaw Valley State University,http://www.svsu.edu/
8448,US,Salem College,http://www.salem.edu/
8452,US,Salisbury State University,http://www.ssu.edu/
8453,US,Salve Regina University,http://www.salve.edu/
8454,US,Samford University,http://www.samford.edu/
8455,US,Sam Houston State University,http://www.shsu.edu/
8457,US,San Diego State University,http://www.sdsu.edu/
8458,US,San Diego University for Integrative Studies,http://www.sduis.edu/
8461,US,San Francisco Conservatory of Music,http://www.sfcm.edu/
8462,US,San Francisco State University,http://www.sfsu.edu/
8465,US,San Jose State University,http://www.sjsu.edu/
8466,US,Santa Clara University,http://www.scu.edu/
8467,US,Sarah Lawrence College,http://www.slc.edu/
8468,US,Savannah College of Art and Design,http://www.scad.edu/
8471,US,Schiller International University,http://www.schiller.edu/
8476,US,Schreiner College,http://www.schreiner.edu/
8480,US,Seton Hall University,http://www.shu.edu/
8483,US,Shawnee State University,http://www.shawnee.edu/
8487,US,Shepherd College,http://www.shepherd.edu/
8490,US,Shippensburg University of Pennsylvania,http://www.ship.edu/
8491,US,Shoreline Community College,http://www.shoreline.edu/
8493,US,Siena College,http://www.siena.edu/
8498,US,Simon's Rock College,http://www.simons-rock.edu/
8500,US,Simpson College Iowa,http://www.simpson.edu/
8503,US,Skidmore College,http://www.skidmore.edu/
8504,US,Slippery Rock University,http://www.sru.edu/
8506,US,Sojourner-Douglass College,http://www.sdc.edu/
8508,US,Sonoma State University,http://www.sonoma.edu/
8510,US,South Dakota School of Mines and Technology,http://www.sdsmt.edu/
8511,US,South Dakota State University,http://www.sdstate.edu/
8512,US,Southeastern Baptist College,http://www.southeasternbaptist.edu/
8515,US,Southeastern Louisiana University,http://www.southeastern.edu/
8518,US,Southeast Missouri State University,http://www.semo.edu/
8519,US,Southern Adventist University,http://www.southern.edu/
8520,US,Southern Arkansas University,http://www.saumag.edu/
8523,US,Southern California Institute of Architecture,http://www.sciarc.edu/
8526,US,Southern Illinois University at Carbondale,http://www.siu.edu/
8527,US,Southern Illinois University at Edwardsville,http://www.siue.edu/
8528,US,Southern Methodist University,http://www.smu.edu/
8529,US,Southern Nazarene University,http://www.snu.edu/
8530,US,Southern New Hampshire University,http://www.snhu.edu/
8533,US,Southern University - Baton Rouge,http://www.subr.edu/
8534,US,Southern University - New Orleans,http://www.suno.edu/
8535,US,Southern University - Shreveport,http://www.susla.edu/
8536,US,Southern Utah University,http://www.suu.edu/
8538,US,Southern Wesleyan University,http://www.swu.edu/
8540,US,South Texas College of Law,http://www.stcl.edu/
8541,US,Southwest Baptist University,http://www.sbuniv.edu/
8547,US,Southwestern College Kansas,http://www.sckans.edu/
8549,US,Southwestern Oklahoma State University,http://www.swosu.edu/
8550,US,Southwestern University,http://www.southwestern.edu/
8551,US,Southwestern University School of Law,http://www.swlaw.edu/
8552,US,Southwest Missouri State University,http://www.smsu.edu/
8562,US,Spring Hill College,http://www.shc.edu/
8567,US,Stanford University,http://www.stanford.edu/
8568,US,St. Anselm College,http://www.anselm.edu/
8571,US,State University of New York at Binghamton,http://www.binghamton.edu/
8572,US,State University of New York at Buffalo,http://www.buffalo.edu/
8573,US,State University of New York at New Paltz,http://www.newpaltz.edu/
8575,US,State University of New York at Stony Brook,http://www.sunysb.edu/
8577,US,State University of New York College at Cortland,http://www.cortland.edu/
8578,US,State University of New York College at Fredonia,http://www.fredonia.edu/
8579,US,State University of New York College at Geneseo,http://www.geneseo.edu/
8580,US,State University of New York College at Old Westbury,http://www.oldwestbury.edu/
8583,US,State University of New York College at Potsdam,http://www.potsdam.edu/
8584,US,State University of New York College at Purchase,http://www.purchase.edu/
8586,US,State University of New York College of Environmental Science and Forestry,http://www.esf.edu/
8587,US,State University of New York College of Optometry,http://www.sunyopt.edu/
8589,US,State University of New York College of Technology at Farmingdale,http://www.farmingdale.edu/
8591,US,State University of New York Empire State College,http://www.esc.edu/
8593,US,State University of New York Institute of Technology at Utica/Rome,http://www.sunyit.edu/
8594,US,State University of New York Maritime College,http://www.sunymaritime.edu/
8595,US,State University of New York School of Engineering and Applied Sciences,http://www.eng.buffalo.edu/
8597,US,State University of New York Upstate Medical University ,http://www.upstate.edu/
8598,US,State University of West Georgia,http://www.westga.edu/
8599,US,St. Augustine's College North Carolina,http://www.st-aug.edu/
8601,US,St. Bonaventure University,http://www.sbu.edu/
8602,US,St. Cloud State University,http://www.stcloudstate.edu/
8604,US,Stefan University,http://www.stefan-university.edu/
8605,US,Stephen F. Austin State University,http://www.sfasu.edu/
8606,US,Stephens College,http://www.stephens.edu/
8608,US,Stetson University,http://www.stetson.edu/
8609,US,Stevens Institute of Technology,http://www.stevens-tech.edu/
8614,US,St. George's University,http://www.sgu.edu/
8616,US,St. John Fisher College,http://www.sjfc.edu/
8617,US,St. John's College Maryland,http://www.sjca.edu/
8619,US,St. John's Seminary,http://www.stjohnsem.edu/
8621,US,St. Joseph College,http://www.sjc.edu/
8627,US,St. Joseph's University,http://www.sju.edu/
8629,US,St. Leo College,http://www.saintleo.edu/
8632,US,St. Louis University,http://www.slu.edu/
8634,US,St. Martin's College,http://www.stmartin.edu/
8636,US,St. Mary-of-the-Woods College,http://www.smwc.edu/
8637,US,St. Mary's College Indiana,http://www.saintmarys.edu/
8638,US,St. Mary's College of California,http://www.stmarys-ca.edu/
8639,US,St. Mary's College of Maryland,http://www.smcm.edu/
8641,US,St. Mary's University of San Antonio,http://www.stmarytx.edu/
8644,US,St. Norbert College,http://www.snc.edu/
8646,US,Stonehill College,http://www.stonehill.edu/
8650,US,Strayer University,http://www.strayer.edu/
8651,US,St. Thomas Aquinas College,http://www.stac.edu/
8653,US,St. Vincent College,http://www.stvincent.edu/
8656,US,Sullivan College,http://www.sullivan.edu/
8657,US,Sul Ross State University,http://www.sulross.edu/
8658,US,Susquehanna University,http://www.susqu.edu/
8659,US,Swarthmore College,http://www.swarthmore.edu/
8660,US,Sweet Briar College,http://www.sbc.edu/
8661,US,Syracuse University,http://www.syr.edu/
8663,US,Talladega College,http://www.talladega.edu/
8665,US,Taylor University,http://www.tayloru.edu/
8667,US,"Teachers College, Columbia University",http://www.tc.columbia.edu/
8668,US,Temple University,http://www.temple.edu/
8670,US,Tennessee State University,http://www.tnstate.edu/
8671,US,Tennessee Technological University,http://www.tntech.edu/
8674,US,Texas A&M International University,http://www.tamiu.edu/
8675,US,Texas A&M University,http://www.tamu.edu/
8677,US,Texas A&M University - Corpus Christi,http://www.tamucc.edu/
8681,US,Texas Chiropractic College,http://www.txchiro.edu/
8682,US,Texas Christian University,http://www.tcu.edu/
8683,US,Texas College,http://www.texascollege.edu/
8686,US,Texas Southern University,http://www.tsu.edu/
8687,US,Texas Tech University,http://www.ttu.edu/
8688,US,Texas Tech University Health Science Center,http://www.ttuhsc.edu/
8689,US,Texas Wesleyan University,http://www.txwesleyan.edu/
8690,US,Texas Woman's University,http://www.twu.edu/
8692,US,The Art Institute of Boston,http://www.aiboston.edu/
8693,US,The Art Institutes International Portland,http://www.aipd.aii.edu/
8694,US,The Art Institutes International San Francisco,http://www.aisf.aii.edu/
8695,US,The Boston Conservatory,http://www.bostonconservatory.edu/
8696,US,The Catholic University of America,http://www.cua.edu/
8701,US,The College of St. Scholastica,http://www.css.edu/
8702,US,The College of Westchester,http://www.cw.edu/
8704,US,The Cooper Union for the Advancement of Science and Art,http://www.cooper.edu/
8710,US,The Johns Hopkins University,http://www.jhu.edu/
8713,US,"The Maryland Institute, College of Art",http://www.mica.edu/
8714,US,The Master's College,http://www.masters.edu/
8718,US,The Rockefeller University,http://www.rockefeller.edu/
8719,US,The School of the Art Institute of Chicago,http://www.artic.edu/
8720,US,The Scripps Research Institute,http://www.scripps.edu/
8722,US,The Tulane University of New Orleans,http://www.tulane.edu/
8724,US,Thiel College,http://www.thiel.edu/
8725,US,Thomas A. Edison State College,http://www.tesc.edu/
8726,US,Thomas Aquinas College,http://www.thomasaquinas.edu/
8728,US,Thomas Jefferson University,http://www.tju.edu/
8732,US,Thunderbird School of Global Management,http://www.thunderbird.edu/
8734,US,Toccoa Falls College,http://www.toccoafalls.edu/
8736,US,Tougaloo College,http://www.tougaloo.edu/
8739,US,Towson University,http://www.towson.edu/
8740,US,Transylvania University,http://www.transy.edu/
8741,US,Trevecca Nazarene University,http://www.trevecca.edu/
8744,US,Trinity Bible College,http://www.tbc2day.edu/
8749,US,Trinity International University,http://www.trin.edu/
8755,US,Troy University,http://www.troy.edu/
8761,US,Truman State University,http://www.truman.edu/
8762,US,Tufts University,http://www.tufts.edu/
8764,US,Tusculum College,http://www.tusculum.edu/
8769,US,Union College Nebraska,http://www.ucollege.edu/
8771,US,Union University,http://www.uu.edu/
8773,US,United States Coast Guard Academy,http://www.cga.edu/
8774,US,United States International University,http://www.usiu.edu/
8775,US,United States Merchant Marine Academy,http://www.usmma.edu/
8780,US,University of Advancing Technology (UAT),http://www.uat.edu/
8781,US,University of Akron,http://www.uakron.edu/
8782,US,University of Alabama - Birmingham,http://www.uab.edu/
8783,US,University of Alabama - Huntsville,http://www.uah.edu/
8784,US,University of Alabama - Tuscaloosa,http://www.ua.edu/
8785,US,University of Alanta,http://www.uofa.edu/
8786,US,University of Alaska - Anchorage,http://www.uaa.alaska.edu/
8787,US,University of Alaska - Fairbanks,http://www.uaf.edu/
8790,US,University of Arizona,http://www.arizona.edu/
8791,US,University of Arkansas at Fayetteville,http://www.uark.edu/
8792,US,University of Arkansas at Little Rock,http://www.ualr.edu/
8793,US,University of Arkansas at Monticello,http://www.uamont.edu/
8794,US,University of Arkansas at Pine Bluff,http://www.uapb.edu/
8797,US,University of Baltimore,http://www.ubalt.edu/
8798,US,University of Bridgeport,http://www.bridgeport.edu/
8801,US,"University of California, Hastings College of Law",http://www.uchastings.edu/
8802,US,"University of California, Irvine",http://www.uci.edu/
8803,US,"University of California, Los Angeles",http://www.ucla.edu/
8804,US,"University of California, Merced",http://www.ucmerced.edu/
8806,US,"University of California, Riverside",http://www.ucr.edu/
8807,US,"University of California, San Diego",http://www.ucsd.edu/
8808,US,"University of California, San Francisco",http://www.ucsf.edu/
8809,US,"University of California, Santa Barbara",http://www.ucsb.edu/
8810,US,"University of California, Santa Cruz",http://www.ucsc.edu/
8811,US,University of California System,http://www.universityofcalifornia.edu/
8812,US,University of Central Arkansas,http://www.uca.edu/
8813,US,University of Central Florida,http://www.ucf.edu/
8814,US,University of Central Missouri,http://www.ucmo.edu/
8820,US,University of Cincinnati,http://www.uc.edu/
8821,US,University of Colorado at Boulder,http://www.colorado.edu/
8825,US,University of Connecticut,http://www.uconn.edu/
8830,US,University of Connecticut Health Center,http://www.uchc.edu/
8831,US,University of Dallas,http://www.udallas.edu/
8832,US,University of Dayton,http://www.udayton.edu/
8833,US,University of Delaware,http://www.udel.edu/
8834,US,University of Denver,http://www.du.edu/
8835,US,University of Detroit Mercy,http://www.udmercy.edu/
8836,US,University of Dubuque,http://www.dbq.edu/
8837,US,University of Evansville,http://www.evansville.edu/
8839,US,University of Florida,http://www.ufl.edu/
8840,US,University of Georgia,http://www.uga.edu/
8842,US,University of Hartford,http://www.hartford.edu/
8843,US,University of Hawaii - Hilo,http://www.uhh.hawaii.edu/
8848,US,University of Houston,http://www.uh.edu/
8852,US,University of Idaho,http://www.uidaho.edu/
8853,US,University of Illinois,http://www.uillinois.edu/
8854,US,University of Illinois at Chicago,http://www.uic.edu/
8855,US,University of Illinois at Springfield,http://www.uis.edu/
8857,US,University of Indianapolis,http://www.uindy.edu/
8858,US,University of Iowa,http://www.uiowa.edu/
8859,US,University of Kansas,http://www.ku.edu/
8860,US,University of Kentucky,http://www.uky.edu/
8862,US,University of Louisiana at Lafayette,http://www.louisiana.edu/
8863,US,University of Louisiana at Monroe,http://www.ulm.edu/
8864,US,University of Louisville,http://www.louisville.edu/
8866,US,"University of Maine, Farmington",http://www.umf.maine.edu/
8867,US,"University of Maine, Fort Kent",http://www.umfk.maine.edu/
8869,US,"University of Maine, Orono",http://www.umaine.edu/
8872,US,University of Management & Technology,http://www.umtweb.edu/
8873,US,University of Mary,http://www.umary.edu/
8874,US,University of Mary Hardin-Baylor,http://www.umhb.edu/
8875,US,University of Maryland at Baltimore,http://www.umbc.edu/
8876,US,University of Maryland at College Park,http://www.umd.edu/
8877,US,University of Maryland Baltimore County,http://www.umbc.edu/
8878,US,University of Maryland Eastern Shore,http://www.umes.edu/
8883,US,University of Massachusetts at Boston,http://www.umb.edu/
8884,US,University of Massachusetts at Dartmouth,http://www.umassd.edu/
8885,US,University of Massachusetts at Lowell,http://www.uml.edu/
8887,US,University of Massachusetts (System),http://www.massachusetts.edu/
8890,US,University of Miami,http://www.miami.edu/
8891,US,University of Michigan - Ann Arbor,http://www.umich.edu/
8892,US,University of Michigan - Dearborn,http://www.umd.umich.edu/
8895,US,University of Minnesota - Duluth,http://www.d.umn.edu/
8896,US,University of Minnesota - Morris,http://www.mrs.umn.edu/
8898,US,University of Mississippi,http://www.olemiss.edu/
8899,US,University of Mississippi Medical Center,http://www.umc.edu/
8900,US,University of Missouri - Columbia,http://www.missouri.edu/
8901,US,University of Missouri - Kansas City,http://www.umkc.edu/
8902,US,University of Missouri - Saint Louis,http://www.umsl.edu/
8904,US,University of Montana,http://www.umt.edu/
8907,US,University of Nebraska - Kearney,http://www.unk.edu/
8908,US,University of Nebraska - Lincoln,http://www.unl.edu/
8909,US,University of Nebraska Medical Center,http://www.unmc.edu/
8910,US,University of Nebraska - Omaha,http://www.unomaha.edu/
8912,US,University of Nevada - Las Vegas,http://www.unlv.edu/
8913,US,University of Nevada - Reno,http://www.unr.edu/
8914,US,University of New England,http://www.une.edu/
8916,US,University of New Hampshire,http://www.unh.edu/
8918,US,University of New Haven,http://www.newhaven.edu/
8919,US,University of New Mexico,http://www.unm.edu/
8920,US,University of New Orleans,http://www.uno.edu/
8921,US,University of North Alabama,http://www.una.edu/
8923,US,University of North Carolina at Asheville,http://www.unca.edu/
8924,US,University of North Carolina at Chapel Hill,http://www.unc.edu/
8925,US,University of North Carolina at Charlotte,http://www.uncc.edu/
8927,US,University of North Carolina at Pembroke,http://www.uncp.edu/
8931,US,University of Northern Iowa,http://www.uni.edu/
8932,US,University of Northern Virginia,http://www.unva.edu/
8934,US,University of North Florida,http://www.unf.edu/
8935,US,University of North Texas,http://www.unt.edu/
8938,US,University of Notre Dame,http://www.nd.edu/
8939,US,University of Oklahoma,http://www.ou.edu/
8940,US,University of Oklahoma Health Sciences Center,http://www.ouhsc.edu/
8941,US,University of Oregon,http://www.uoregon.edu/
8943,US,University of Pennsylvania,http://www.upenn.edu/
8944,US,University of Phoenix,http://www.phoenix.edu/
8945,US,University of Pittsburgh,http://www.pitt.edu/
8946,US,University of Pittsburgh at Bradford,http://www.upb.pitt.edu/
8951,US,University of Redlands,http://www.redlands.edu/
8952,US,University of Rhode Island,http://www.uri.edu/
8953,US,University of Richmond,http://www.urich.edu/
8956,US,University of San Diego,http://www.sandiego.edu/
8957,US,University of San Francisco,http://www.usfca.edu/
8958,US,University of Science and Arts of Oklahoma,http://www.usao.edu/
8959,US,University of Scranton,http://www.uofs.edu/
8961,US,University of South Alabama,http://www.usouthal.edu/
8962,US,University of South Carolina,http://www.sc.edu/
8968,US,University of South Carolina - Sumter,http://www.uscsumter.edu/
8971,US,University of Southern California,http://www.usc.edu/
8972,US,University of Southern Indiana,http://www.usi.edu/
8973,US,University of Southern Maine,http://www.usm.maine.edu/
8975,US,University of South Florida,http://www.usf.edu/
8976,US,University of St. Francis,http://www.stfrancis.edu/
8977,US,"University of St. Thomas, Houston",http://www.stthom.edu/
8980,US,University of Tennessee - Chattanooga,http://www.utc.edu/
8985,US,University of Texas,http://www.utsystem.edu/
8986,US,University of Texas at Arlington,http://www.uta.edu/
8987,US,University of Texas at Austin,http://www.utexas.edu/
8989,US,University of Texas at Dallas,http://www.utdallas.edu/
8990,US,University of Texas at El Paso,http://www.utep.edu/
8991,US,University of Texas at San Antonio,http://www.utsa.edu/
8993,US,University of Texas Health Center at Houston,http://www.uthouston.edu/
8995,US,University of Texas Health Science Center at San Antonio,http://www.uthscsa.edu/
8997,US,University of Texas Medical Branch Galveston,http://www.utmb.edu/
8998,US,University of Texas of the Permian Basin,http://www.utpb.edu/
9000,US,University of Texas Southwestern Medical Center at Dallas,http://www.utsouthwestern.edu/
9003,US,University of the Incarnate World,http://www.uiw.edu/
9004,US,University of the Ozarks,http://www.ozarks.edu/
9005,US,University of the Pacific,http://www.pacific.edu/
9007,US,University of the South,http://www.sewanee.edu/
9008,US,University of the Southwest,http://www.usw.edu/
9009,US,University of Toledo,http://www.utoledo.edu/
9011,US,University of Utah,http://www.utah.edu/
9012,US,University of Vermont,http://www.uvm.edu/
9013,US,University of Virginia,http://www.virginia.edu/
9015,US,University of Washington,http://www.washington.edu/
9018,US,University of West Florida,http://www.uwf.edu/
9019,US,University of West Los Angeles,http://www.uwla.edu/
9020,US,University of Wisconsin - Eau Claire,http://www.uwec.edu/
9021,US,University of Wisconsin - Green Bay,http://www.uwgb.edu/
9022,US,University of Wisconsin - La Crosse,http://www.uwlax.edu/
9023,US,University of Wisconsin - Madison,http://www.wisc.edu/
9024,US,University of Wisconsin - Milwaukee,http://www.uwm.edu/
9027,US,University of Wisconsin - Platteville,http://www.uwplatt.edu/
9028,US,University of Wisconsin - River Falls,http://www.uwrf.edu/
9029,US,University of Wisconsin - Stevens Point,http://www.uwsp.edu/
9030,US,University of Wisconsin - Stout,http://www.uwstout.edu/
9032,US,University of Wisconsin - Whitewater,http://www.uww.edu/
9034,US,Upper Iowa University,http://www.uiu.edu/
9036,US,Ursinus College,http://www.ursinus.edu/
9037,US,Ursuline College,http://www.ursuline.edu/
9041,US,Valdosta State University,http://www.valdosta.edu/
9044,US,Valparaiso University,http://www.valpo.edu/
9045,US,Vanderbilt University,http://www.vanderbilt.edu/
9050,US,Vermont Law School,http://www.vermontlaw.edu/
9053,US,Villanova University,http://www.villanova.edu/
9055,US,Virginia Commonwealth University,http://www.vcu.edu/
9058,US,Virginia Military Institute,http://www.vmi.edu/
9059,US,Virginia Polytechnic Institute and State University (Virginia Tech),http://www.vt.edu/
9060,US,Virginia State University,http://www.vsu.edu/
9063,US,Viterbo College,http://www.viterbo.edu/
9064,US,Voorhees College,http://www.voorhees.edu/
9065,US,Wabash College,http://www.wabash.edu/
9067,US,Wake Forest University,http://www.wfu.edu/
9071,US,Walsh University,http://www.walsh.edu/
9073,US,Warner Southern College,http://www.warner.edu/
9074,US,Warren Wilson College,http://www.warren-wilson.edu/
9076,US,Washburn University,http://www.washburn.edu/
9077,US,Washington and Lee University,http://www.wlu.edu/
9079,US,Washington College,http://www.washcoll.edu/
9080,US,Washington State University,http://www.wsu.edu/
9081,US,"Washington State University, Spokane",http://www.spokane.wsu.edu/
9082,US,"Washington State University, Tri-Cities",http://www.tricity.wsu.edu/
9083,US,"Washington State University, Vancouver",http://www.vancouver.wsu.edu/
9084,US,Washington University in St. Louis,http://www.wustl.edu/
9085,US,Wayland Baptist University,http://www.wbu.edu/
9086,US,Waynesburg College,http://www.waynesburg.edu/
9087,US,Wayne State College,http://www.wsc.edu/
9088,US,Wayne State University,http://www.wayne.edu/
9091,US,Weber State University,http://www.weber.edu/
9092,US,Webster University,http://www.webster.edu/
9094,US,Weill Medical College of Cornell University,http://www.med.cornell.edu/
9095,US,Wellesley College,http://www.wellesley.edu/
9096,US,Wells College,http://www.wells.edu/
9097,US,Wentworth Institute of Technology,http://www.wit.edu/
9099,US,Wesleyan University,http://www.wesleyan.edu/
9102,US,Westbrook University ,http://www.westbrooku.edu/
9103,US,West Chester University of Pennsylvania,http://www.wcupa.edu/
9107,US,Western Carolina University,http://www.wcu.edu/
9109,US,Western Governors University,http://www.wgu.edu/
9110,US,Western Illinois University,http://www.wiu.edu/
9111,US,Western International University,http://www.west.edu/
9112,US,Western Kentucky University,http://www.wku.edu/
9114,US,Western Michigan University,http://www.wmich.edu/
9117,US,Western Oregon University,http://www.wou.edu/
9120,US,Western State University College of Law,http://www.wsulaw.edu/
9121,US,Western State University College of Law - Orange County,http://www.wsulaw.edu/
9122,US,Western Washington University,http://www.wwu.edu/
9125,US,Westminster College Fulton,http://www.wcmo.edu/
9127,US,Westminster College of Salt Lake City,http://www.wcslc.edu/
9128,US,Westmont College,http://www.westmont.edu/
9130,US,West Texas A&M University,http://www.wtamu.edu/
9135,US,West Virginia Wesleyan College,http://www.wvwc.edu/
9137,US,Wheaton College Massachusetts,http://www.wheatonma.edu/
9139,US,Wheelock College,http://www.wheelock.edu/
9140,US,Whitman College,http://www.whitman.edu/
9141,US,Whittier College,http://www.whittier.edu/
9142,US,Whitworth College,http://www.whitworth.edu/
9144,US,Widener University,http://www.widener.edu/
9148,US,Wilkes University,http://www.wilkes.edu/
9149,US,Willamette University,http://www.willamette.edu/
9150,US,William Carey College,http://www.wmcarey.edu/
9153,US,William Paterson University,http://www.wpunj.edu/
9154,US,William Penn College,http://www.wmpenn.edu/
9156,US,Williams College,http://www.williams.edu/
9160,US,Wilmington College,http://www.wilmington.edu/
9161,US,Wilson College,http://www.wilson.edu/
9165,US,Winthrop University,http://www.winthrop.edu/
9166,US,Wisconsin Lutheran College,http://www.wlc.edu/
9168,US,Wittenberg University,http://www.wittenberg.edu/
9169,US,Wofford College,http://www.wofford.edu/
9171,US,Worcester Polytechnic Institute,http://www.wpi.edu/
9174,US,Wright State University,http://www.wright.edu/
9175,US,Xavier University,http://www.xu.edu/
9176,US,Xavier University of Louisiana,http://www.xula.edu/
9177,US,Yale University,http://www.yale.edu/
9178,US,Yeshiva University,http://www.yu.edu/
9179,US,York College Nebraska,http://www.york.edu/
9183,US,Youngstown State University,http://www.ysu.edu/
